	start	GSM1421800	GSM1421801	GSM1421802	GSM1421803	GSM1421804	GSM1421805	GSM1421806	GSM1421807	GSM1421808	GSM1421809	GSM1421810	GSM1421811	GSM1421812	GSM1421813	GSM1421814	GSM1421815	GSM1421816	GSM1421817	GSM1421818	GSM1421819	GSM1421820	GSM1421821	GSM1421822	GSM1421823	GSM1421824	GSM1421825	GSM1421826	GSM1421827	GSM1421828	GSM1421829	GSM1421830	GSM1421831	GSM1421832	GSM1421833	GSM1421834	GSM1421835	GSM1421836	GSM1421837	GSM1421838	GSM1421839	GSM1421840	GSM1421841	GSM1421842	GSM1421843	GSM1421844	GSM1421845	GSM1421846	GSM1421847	GSM1421848	GSM1421849	GSM1421850	GSM1421851	GSM1421852	GSM1421853	GSM1421854	GSM1421855	GSM1421856	GSM1421857	GSM1421858	GSM1421859	GSM1421860	GSM1421861	GSM1421862	GSM1421863	GSM1421864	GSM1421865	GSM1421866	GSM1421867	GSM1421868	GSM1421869	GSM1421870	GSM1421871	GSM1421872	GSM1421873	GSM1421874	GSM1421875	GSM1421876	GSM1421877	GSM1421878	GSM1421879	GSM1421880	GSM1421881	GSM1421882	GSM1421883	GSM1421884	GSM1421885	GSM1421886	GSM1421887	GSM1421888	GSM1421889	GSM1421890	GSM1421891	GSM1421892	GSM1421893	GSM1421894	GSM1421895	GSM1421896	GSM1421897	GSM1421898
0	156186432	0.369318181818	0.435779816514	0.460050462574	0.257080610022	0.203522504892	0.350877192982	0.3133640553	0.451247165533	0.494318181818	0.253807106599	0.375770020534	0.5256869773	0.435483870968	0.287654320988	0.245919477693	0.299270072993	0.335092348285	0.123376623377	0.434210526316	0.326086956522	0.335384615385	0.348717948718	0.192307692308	0.45219123506	0.263392857143	0.49853372434	0.469755469755	0.576496674058	0.446985446985	0.314960629921	0.192307692308	0.287517531557	0.295353982301	0.660678642715	0.0923913043478	0.384030418251	0.258064516129	0.605769230769	0.449275362319	0.451787648971	0.210344827586	0.337988826816	0.354118993135	0.422266800401	0.255905511811	0.241335044929	0.0351931330472	0.0423728813559	0.286035024697	0.243055555556	0.306818181818	0.480392156863	0.480463096961	0.480174731183	0.312093628088	0.241077441077	0.15376344086	0.123844731978	0.405646359584	0.288328588857	0.0797101449275	0.208695652174	0.368916797488	0.596153846154	0.330666666667	0.313782991202	0.165934065934	0.132420091324	0.187387387387	0.39896373057	0.172222222222	0.324475524476	0.178966789668	0.287709497207	0.313508064516	0.298140770252	0.191061452514	0.214411247803	0.0440528634361	0.148464163823	0.106741573034	0.0909090909091	0.219565217391	0.130044843049	0.248407643312	0.2	0.218827415359	0.0743243243243	0.147042864894	0.131062951496	0.105945121951	0.184615384615	0.233187772926	0.179153094463	0.206439393939	0.0807692307692	0.15	0.0819672131148	0.251269035533
1	156186438	0.467680608365	0.467592592593	0.496202531646	0.302863436123	0.214990138067	0.347517730496	0.350710900474	0.507936507937	0.584269662921	0.289340101523	0.407024793388	0.60144057623	0.459016393443	0.357142857143	0.314159292035	0.397810218978	0.37400530504	0.164502164502	0.457236842105	0.340579710145	0.435185185185	0.373056994819	0.23	0.497677504977	0.292792792793	0.560471976401	0.482625482625	0.612652608213	0.505197505198	0.341600901917	0.384615384615	0.370786516854	0.343680709534	0.724	0.0879120879121	0.456603773585	0.316129032258	0.644230769231	0.496376811594	0.501628664495	0.260416666667	0.375354107649	0.445859872611	0.525406504065	0.304780876494	0.305412371134	0.0670147954743	0.0830945558739	0.325225225225	0.291666666667	0.370229007634	0.508196721311	0.512372634643	0.523583305056	0.375821287779	0.288422477996	0.213043478261	0.196261682243	0.448430493274	0.32606010704	0.106060606061	0.247787610619	0.43937007874	0.613698630137	0.366576819407	0.360703812317	0.237723214286	0.209302325581	0.237749546279	0.448186528497	0.22905027933	0.364922206506	0.271186440678	0.272471910112	0.354838709677	0.324683965403	0.221461187215	0.239015817223	0.0533333333333	0.172945205479	0.127683615819	0.144262295082	0.242290748899	0.139013452915	0.254777070064	0.227488151659	0.25641025641	0.0810810810811	0.186311787072	0.162839248434	0.11877394636	0.184615384615	0.247151621385	0.195979899497	0.239543726236	0.105973025048	0.144444444444	0.129476584022	0.261421319797
2	156186441	0.373106060606	0.458333333333	0.448188711036	0.237417943107	0.216110019646	0.284210526316	0.336405529954	0.43119266055	0.511235955056	0.248730964467	0.359342915811	0.539473684211	0.451612903226	0.289962825279	0.273428886439	0.339416058394	0.341688654354	0.152838427948	0.421052631579	0.297101449275	0.367283950617	0.358974358974	0.163461538462	0.473684210526	0.285714285714	0.522123893805	0.455263157895	0.573496659243	0.501043841336	0.317567567568	0.16	0.303546099291	0.320044296788	0.661322645291	0.0923913043478	0.432950191571	0.248366013072	0.615384615385	0.443014705882	0.449023861171	0.21724137931	0.340845070423	0.362377380265	0.466666666667	0.261904761905	0.254851228978	0.0296684118674	0.0685714285714	0.264864864865	0.298611111111	0.328244274809	0.480392156863	0.478770131772	0.497470489039	0.336856010568	0.271186440678	0.184497816594	0.155722326454	0.426646706587	0.303305785124	0.0797101449275	0.269565217391	0.395569620253	0.575342465753	0.32972972973	0.292397660819	0.183650615901	0.175384615385	0.184448462929	0.402631578947	0.183333333333	0.321126760563	0.227016885553	0.238095238095	0.275862068966	0.30365448505	0.193729003359	0.214788732394	0.0491071428571	0.139931740614	0.0932584269663	0.107491856678	0.221739130435	0.130044843049	0.216560509554	0.184684684685	0.212572373863	0.0743243243243	0.164405860011	0.126033057851	0.112042682927	0.153846153846	0.210296684119	0.166666666667	0.207224334601	0.0700389105058	0.0949720670391	0.0934065934066	0.223350253807
3	156186450	0.54280155642	0.5	0.528127623846	0.319474835886	0.240631163708	0.367491166078	0.396313364055	0.526077097506	0.648725212465	0.328205128205	0.421810699588	0.647550776583	0.467741935484	0.364205256571	0.338888888889	0.503703703704	0.381266490765	0.175324675325	0.480263157895	0.350364963504	0.49226006192	0.389743589744	0.240384615385	0.518345563709	0.318385650224	0.585798816568	0.520725388601	0.618888888889	0.517745302714	0.349943374858	0.346153846154	0.431400282885	0.358175750834	0.744466800805	0.108695652174	0.483018867925	0.305194805195	0.673076923077	0.523985239852	0.542763157895	0.291666666667	0.385269121813	0.512295081967	0.57418699187	0.299212598425	0.328571428571	0.0763765541741	0.115044247788	0.365272154746	0.366197183099	0.40937896071	0.514802631579	0.519708029197	0.557823129252	0.393617021277	0.319076714189	0.27032967033	0.225563909774	0.478195488722	0.351657574486	0.144927536232	0.286956521739	0.446202531646	0.624309392265	0.399463806971	0.429824561404	0.2533632287	0.245696400626	0.314442413163	0.476683937824	0.327777777778	0.371468926554	0.313653136531	0.334269662921	0.393292682927	0.354989953115	0.240761478163	0.255731922399	0.057268722467	0.240069084629	0.149774774775	0.193495934959	0.301310043668	0.156950672646	0.28025477707	0.236607142857	0.295867768595	0.0743243243243	0.21098423056	0.184536082474	0.131859756098	0.205128205128	0.28258967629	0.271685761047	0.25946969697	0.125	0.216666666667	0.162983425414	0.290076335878
4	156186453	0.362573099415	0.418604651163	0.465254237288	0.228794642857	0.198807157058	0.277192982456	0.3	0.460317460317	0.470254957507	0.233502538071	0.364389233954	0.53995157385	0.426229508197	0.24427480916	0.258285714286	0.293680297398	0.304582210243	0.152654867257	0.434210526316	0.304347826087	0.316614420063	0.338461538462	0.184466019417	0.43106926698	0.301369863014	0.513432835821	0.443870967742	0.581005586592	0.436325678497	0.313993174061	0.173076923077	0.304532577904	0.316258351893	0.635270541082	0.0722222222222	0.426356589147	0.290322580645	0.558823529412	0.439252336449	0.415115005476	0.185314685315	0.324822695035	0.352767962309	0.432760364004	0.263581488934	0.25	0.0353581142339	0.0610465116279	0.272068809416	0.244755244755	0.268637532134	0.472906403941	0.47619047619	0.49388171312	0.341891891892	0.266802443992	0.170189098999	0.125714285714	0.428134556575	0.294366793731	0.0735294117647	0.2	0.368088467615	0.581460674157	0.306666666667	0.299120234604	0.168564920273	0.153726708075	0.144424131627	0.372395833333	0.166666666667	0.298444130127	0.19696969697	0.244318181818	0.296220633299	0.286284953395	0.181818181818	0.20796460177	0.0616740088106	0.14358974359	0.085201793722	0.112377850163	0.204347826087	0.108597285068	0.251612903226	0.16	0.199667221298	0.0608108108108	0.1515480717	0.114788004137	0.0954927425516	0.174358974359	0.214348206474	0.160330578512	0.209125475285	0.0826923076923	0.11797752809	0.0846994535519	0.241116751269
5	178063265	0.0	0.002849002849	0.0045045045045	0.0014888337469	0.00117370892019	0.00554016620499	0.00224215246637	0.00114810562572	0.00488997555012	0.0	0.0100502512563	0.00108166576528	0.0	0.000807428340735	0.00142045454545	0.0034965034965	0.00609756097561	0.00284090909091	0.000943396226415	0.00460829493088	0.00166251039069	0.00364077669903	0.00615384615385	0.00211118930331	0.00839160839161	0.00561797752809	0.000596125186289	0.00306211723535	0.00484848484848	0.000914913083257	0.00201409869084	0.00614574187884	0.00363058770138	0.00204918032787	0.000973709834469	0.0	0.00184501845018	0.0	0.00227272727273	0.000897666068223	0.00137174211248	0.00634565136245	0.0	0.00288461538462	0.003465003465	0.00061804697157	0.0	0.00154083204931	0.00592373195113	0.00578034682081	0.00256222547584	0.00379266750948	0.00109051254089	0.0034965034965	0.0	0.00288065843621	0.00227531285552	0.0	0.000436871996505	0.0	0.00371747211896	0.003861003861	0.0067775723968	0.00201207243461	0.00179964007199	0.00248550124275	0.00148920327625	0.0	0.00620767494357	0.00175131348511	0.0110584518167	0.00221908412346	0.0010152284264	0.000684462696783	0.00304259634888	0.0	0.0	0.0017825311943	0.0	0.00456621004566	0.0	0.0	0.00787401574803	0.0	0.0	0.0	0.00694444444444	0.0	0.00240384615385	0.00255754475703	0.00540540540541	0.0	0.0	0.0	0.0	0.0	0.0	0.0	0.0
6	178063268	0.0	0.0	0.00257731958763	0.0	0.0	0.0	0.0	0.0	0.00490196078431	0.00197238658777	0.0	0.0	0.00239808153477	0.000406504065041	0.0	0.00349344978166	0.00111607142857	0.00190657769304	0.00094696969697	0.0	0.000833333333333	0.00121951219512	0.0030959752322	0.000939408172851	0.00140056022409	0.0	0.0	0.0	0.00121654501217	0.000609198903442	0.0	0.00355239786856	0.000227738556138	0.00272851296044	0.0	0.0	0.0037037037037	0.0	0.0	0.0	0.0	0.0	0.0	0.000971817298348	0.0020964360587	0.00123762376238	0.0	0.0	0.000742390497402	0.0	0.00110701107011	0.0	0.0	0.00117324990223	0.0	0.000413308534821	0.000381825124093	0.0	0.0	0.0	0.0	0.0	0.00246913580247	0.0	0.0	0.0	0.000749625187406	0.0	0.00227014755959	0.0	0.0	0.000608272506083	0.0	0.0	0.0	0.00191938579655	0.0	0.0	0.0	0.0	0.0	0.0	0.008	0.0	0.0	0.0	0.0	0.0	0.0	0.0	0.0	0.0	0.0	0.0	0.0	0.0	0.0	0.0	0.0
7	178063283	0.0	0.0	0.000216637781629	0.0	0.0	0.0	0.0	0.0	0.0	0.0	0.0	0.000544365813827	0.0	0.0	0.00118133490845	0.0	0.0	0.000956937799043	0.0	0.0	0.0	0.0	0.0	0.0	0.0	0.0	0.000601142170123	0.000445632798574	0.0	0.0	0.00101936799185	0.0	0.000460299194476	0.00068870523416	0.0	0.0	0.00186567164179	0.0	0.0	0.000932835820896	0.0	0.0	0.00369003690037	0.0	0.0	0.0	0.00198807157058	0.0032414910859	0.000371885459279	0.0	0.0	0.0	0.0	0.0	0.00160256410256	0.000419199329281	0.0	0.0	0.00089325591782	0.0	0.0	0.0	0.0	0.0	0.0	0.0	0.00313725490196	0.0	0.000190621425848	0.0	0.0	0.000407581006725	0.0	0.0	0.000340599455041	0.0	0.0	0.0	0.0	0.0	0.0	0.0	0.0	0.0	0.0	0.0	0.0	0.0	0.0	0.0	0.0	0.0	0.0	0.0	0.0	0.0	0.0	0.0	0.0
8	178063289	0.0	0.0	0.0	0.0	0.0	0.0	0.0	0.0	0.0	0.0	0.0	0.0	0.0	0.0	0.000284090909091	0.0	0.000555555555556	0.00094696969697	0.0	0.0	0.0	0.0	0.0	0.0	0.0	0.0	0.000298062593145	0.0	0.0	0.0	0.0	0.0	0.0	0.00068306010929	0.0	0.0	0.0	0.00350877192982	0.0	0.0	0.0	0.0	0.0	0.0	0.0	0.0	0.0	0.0	0.0	0.0	0.0	0.0	0.0	0.0	0.0	0.0	0.0	0.0	0.0	0.0	0.0	0.0	0.0	0.0	0.0	0.0	0.0	0.0	0.0	0.0	0.0	0.000202470135655	0.0	0.0	0.0	0.0	0.0	0.0	0.0	0.0	0.0020964360587	0.0	0.0	0.00869565217391	0.0	0.0	0.0	0.0	0.00240384615385	0.0	0.0	0.0	0.0	0.0	0.0	0.0	0.0	0.0	0.0
9	228746269	0.818181818182	0.69918699187	0.692082111437	0.725848563969	0.672897196262	0.863636363636	0.6171875	0.611111111111	0.763779527559	0.848167539267	0.446428571429	0.885993485342	0.5	0.487341772152	0.543046357616	0.809523809524	0.761194029851	0.862068965517	0.652173913043	0.766666666667	0.791666666667	0.577777777778	0.79012345679	0.824468085106	0.741007194245	0.322580645161	0.660098522167	0.882962962963	0.777108433735	0.814336075206	0.829545454545	0.75	0.728434504792	0.69696969697	0.636363636364	0.625	0.725925925926	0.47619047619	0.793103448276	0.807174887892	0.651785714286	0.736526946108	0.630630630631	0.62	0.737226277372	0.697080291971	0.692307692308	0.545454545455	0.631720430108	0.727272727273	0.778877887789	0.631578947368	0.711711711712	0.816640986133	0.689839572193	0.708908406524	0.782786885246	0.795053003534	0.839262187088	0.776872964169	0.871951219512	0.628205128205	0.843137254902	0.735483870968	0.68152866242	0.726643598616	0.521739130435	0.761904761905	0.751552795031	0.780303030303	0.505882352941	0.628352490421	0.506493506494	0.602564102564	0.644951140065	0.583333333333	0.383720930233	0.712389380531	0.723404255319	0.6953125	0.314285714286	0.67027027027	0.765432098765	0.772413793103	0.526315789474	0.228571428571	0.626050420168	0.550724637681	0.608208955224	0.252212389381	0.569832402235	0.660714285714	0.557768924303	0.432432432432	0.511904761905	0.646551724138	0.661016949153	0.529411764706	0.752941176471
10	228746276	0.823863636364	0.712	0.689149560117	0.715404699739	0.716510903427	0.843434343434	0.622047244094	0.611111111111	0.744186046512	0.86387434555	0.428571428571	0.879478827362	0.5	0.474683544304	0.503311258278	0.793650793651	0.766169154229	0.862068965517	0.628318584071	0.716666666667	0.755208333333	0.522222222222	0.814814814815	0.822695035461	0.755395683453	0.370967741935	0.613300492611	0.872968980798	0.765060240964	0.801875732708	0.840909090909	0.727272727273	0.726688102894	0.69696969697	0.618181818182	0.59375	0.725925925926	0.380952380952	0.703448275862	0.807174887892	0.651785714286	0.725903614458	0.630630630631	0.51	0.759124087591	0.678832116788	0.673076923077	0.6	0.599462365591	0.701298701299	0.73597359736	0.610526315789	0.720720720721	0.819722650231	0.68449197861	0.691529709229	0.77868852459	0.766784452297	0.841897233202	0.776872964169	0.878048780488	0.641025641026	0.83660130719	0.703225806452	0.675159235669	0.733564013841	0.463768115942	0.761904761905	0.753623188406	0.774809160305	0.494117647059	0.609195402299	0.506493506494	0.589743589744	0.661237785016	0.592592592593	0.401162790698	0.721238938053	0.702127659574	0.69140625	0.307142857143	0.648648648649	0.740740740741	0.765517241379	0.508771929825	0.228571428571	0.613445378151	0.608695652174	0.608208955224	0.225663716814	0.553072625698	0.75	0.529880478088	0.405405405405	0.511904761905	0.637931034483	0.661016949153	0.509803921569	0.760784313725
11	228746278	0.810344827586	0.664	0.683823529412	0.712793733681	0.713395638629	0.843434343434	0.6328125	0.611111111111	0.728682170543	0.837696335079	0.401785714286	0.876221498371	0.5	0.506329113924	0.516556291391	0.798941798942	0.751243781095	0.862068965517	0.646017699115	0.8	0.761904761905	0.636363636364	0.79012345679	0.82206405694	0.741007194245	0.403225806452	0.637931034483	0.883308714919	0.777108433735	0.815943728019	0.852272727273	0.733606557377	0.722044728435	0.701298701299	0.615853658537	0.59375	0.703703703704	0.380952380952	0.758620689655	0.811659192825	0.651785714286	0.736526946108	0.675675675676	0.57	0.748148148148	0.682481751825	0.673076923077	0.545454545455	0.604838709677	0.727272727273	0.729372937294	0.621052631579	0.720720720721	0.810477657935	0.695187165775	0.719496855346	0.782786885246	0.798586572438	0.841479524439	0.787581699346	0.890243902439	0.628205128205	0.856209150327	0.735483870968	0.68152866242	0.716262975779	0.492753623188	0.761904761905	0.737060041408	0.787878787879	0.482352941176	0.593869731801	0.519480519481	0.57264957265	0.644951140065	0.583333333333	0.372093023256	0.721238938053	0.670212765957	0.6640625	0.278571428571	0.637837837838	0.777777777778	0.793103448276	0.508771929825	0.2	0.579831932773	0.565217391304	0.600746268657	0.221238938053	0.575418994413	0.732142857143	0.509960159363	0.414414414414	0.47619047619	0.612068965517	0.661016949153	0.509803921569	0.729411764706
12	228746284	0.823863636364	0.696	0.687683284457	0.702349869452	0.691588785047	0.853535353535	0.609375	0.611111111111	0.759689922481	0.835978835979	0.455357142857	0.866449511401	0.454545454545	0.46835443038	0.516556291391	0.783068783069	0.756218905473	0.849137931034	0.64347826087	0.716666666667	0.760416666667	0.555555555556	0.814814814815	0.811387900356	0.705035971223	0.403225806452	0.628078817734	0.874446085672	0.734939759036	0.810082063306	0.806818181818	0.733606557377	0.693290734824	0.701298701299	0.624242424242	0.614583333333	0.748148148148	0.428571428571	0.737931034483	0.829596412556	0.660714285714	0.696428571429	0.621621621622	0.59	0.751824817518	0.678832116788	0.673076923077	0.545454545455	0.604838709677	0.694805194805	0.759075907591	0.621052631579	0.720720720721	0.819722650231	0.673796791444	0.732747804266	0.795081967213	0.782918149466	0.836627140975	0.781758957655	0.865853658537	0.628205128205	0.849673202614	0.729032258065	0.656050955414	0.730103806228	0.536231884058	0.797619047619	0.757763975155	0.787878787879	0.435294117647	0.624521072797	0.532467532468	0.589743589744	0.668852459016	0.574074074074	0.389534883721	0.728888888889	0.712765957447	0.6953125	0.307142857143	0.67027027027	0.765432098765	0.793103448276	0.526315789474	0.228571428571	0.617647058824	0.565217391304	0.615671641791	0.225663716814	0.575418994413	0.678571428571	0.553784860558	0.423423423423	0.5	0.637931034483	0.694915254237	0.509803921569	0.741176470588
13	228750751	0.675126903553	0.730496453901	0.735080058224	0.733656174334	0.684039087948	0.786516853933	0.711229946524	0.638554216867	0.706766917293	0.836257309942	0.632183908046	0.869281045752	0.416666666667	0.607594936709	0.642857142857	0.811224489796	0.793522267206	0.841155234657	0.651162790698	0.558823529412	0.752873563218	0.767123287671	0.787878787879	0.851428571429	0.685039370079	0.439393939394	0.611386138614	0.861022364217	0.801324503311	0.734239802225	0.762886597938	0.758064516129	0.603333333333	0.75	0.555555555556	0.5	0.796296296296	0.538461538462	0.811320754717	0.816037735849	0.782258064516	0.728358208955	0.634615384615	0.516949152542	0.71511627907	0.757042253521	0.703703703704	0.547945205479	0.633333333333	0.754385964912	0.762611275964	0.675675675676	0.795454545455	0.782608695652	0.688118811881	0.721739130435	0.729468599034	0.731292517007	0.865569272977	0.811881188119	0.825	0.609375	0.842465753425	0.825301204819	0.712328767123	0.701149425287	0.632	0.746987951807	0.766129032258	0.826771653543	0.545454545455	0.616187989556	0.785714285714	0.406862745098	0.761394101877	0.610859728507	0.42774566474	0.702205882353	0.785714285714	0.726530612245	0.221556886228	0.666666666667	0.710144927536	0.774436090226	0.457627118644	0.269230769231	0.646825396825	0.557142857143	0.653225806452	0.222826086957	0.615384615385	0.576923076923	0.570707070707	0.458333333333	0.724489795918	0.662601626016	0.660714285714	0.625	0.807547169811
14	228750758	0.670050761421	0.758865248227	0.745269286754	0.726392251816	0.677524429967	0.769662921348	0.737967914439	0.638554216867	0.676691729323	0.836257309942	0.597701149425	0.873376623377	0.416666666667	0.601265822785	0.607142857143	0.775510204082	0.789473684211	0.84	0.651162790698	0.470588235294	0.752873563218	0.712328767123	0.772727272727	0.847036328872	0.685039370079	0.378787878788	0.57960199005	0.850961538462	0.807947019868	0.739184177998	0.742268041237	0.75	0.606666666667	0.756198347107	0.527777777778	0.511904761905	0.796296296296	0.461538461538	0.792452830189	0.830188679245	0.774193548387	0.735735735736	0.596153846154	0.508474576271	0.738372093023	0.753521126761	0.706806282723	0.541666666667	0.593333333333	0.771929824561	0.688427299703	0.662162162162	0.787878787879	0.792270531401	0.663366336634	0.695652173913	0.717703349282	0.719178082192	0.869684499314	0.813531353135	0.81875	0.578125	0.824324324324	0.83734939759	0.691780821918	0.689655172414	0.608	0.698795180723	0.766129032258	0.818897637795	0.511363636364	0.584856396867	0.768115942029	0.397058823529	0.756032171582	0.647058823529	0.404624277457	0.713235294118	0.785714285714	0.74693877551	0.209580838323	0.672316384181	0.623188405797	0.751879699248	0.457627118644	0.384615384615	0.626984126984	0.585714285714	0.661290322581	0.244565217391	0.623931623932	0.692307692308	0.575757575758	0.458333333333	0.724489795918	0.642276422764	0.678571428571	0.625	0.803773584906
15	228750760	0.666666666667	0.765957446809	0.733624454148	0.71186440678	0.674267100977	0.798850574713	0.72972972973	0.566265060241	0.691729323308	0.812865497076	0.563218390805	0.885620915033	0.416666666667	0.601265822785	0.64880952381	0.816326530612	0.789473684211	0.841155234657	0.658914728682	0.558823529412	0.752873563218	0.753424657534	0.772727272727	0.847619047619	0.692913385827	0.421875	0.584158415842	0.860576923077	0.814569536424	0.734820322181	0.742268041237	0.729838709677	0.61	0.754098360656	0.518518518519	0.464285714286	0.783950617284	0.5	0.77358490566	0.830188679245	0.814516129032	0.728358208955	0.596153846154	0.5	0.738372093023	0.75	0.719576719577	0.547945205479	0.576666666667	0.728070175439	0.724035608309	0.621621621622	0.780303030303	0.792270531401	0.70297029703	0.706467661692	0.724637681159	0.755102040816	0.876543209877	0.816831683168	0.81875	0.609375	0.829931972789	0.849397590361	0.705479452055	0.712643678161	0.616	0.722891566265	0.760080645161	0.812	0.556818181818	0.603133159269	0.785714285714	0.372549019608	0.739946380697	0.638009049774	0.421965317919	0.705882352941	0.761904761905	0.718367346939	0.191616766467	0.655367231638	0.63768115942	0.744360902256	0.440677966102	0.307692307692	0.626984126984	0.557142857143	0.638211382114	0.244565217391	0.606837606838	0.653846153846	0.530303030303	0.422535211268	0.69387755102	0.617886178862	0.660714285714	0.638888888889	0.77358490566
16	228750766	0.659898477157	0.730496453901	0.742358078603	0.726392251816	0.648208469055	0.786516853933	0.727272727273	0.626506024096	0.684210526316	0.830409356725	0.609195402299	0.863636363636	0.416666666667	0.613924050633	0.625	0.791666666667	0.801619433198	0.84476534296	0.658914728682	0.470588235294	0.775862068966	0.739726027397	0.787878787879	0.83619047619	0.700787401575	0.378787878788	0.571782178218	0.870607028754	0.788079470199	0.716934487021	0.752577319588	0.737903225806	0.630872483221	0.766393442623	0.555555555556	0.440476190476	0.746913580247	0.423076923077	0.811320754717	0.820754716981	0.798387096774	0.719402985075	0.576923076923	0.483050847458	0.744186046512	0.732394366197	0.712041884817	0.534246575342	0.6	0.763157894737	0.712166172107	0.608108108108	0.787878787879	0.78421900161	0.673267326733	0.721739130435	0.727272727273	0.734693877551	0.879286694102	0.828947368421	0.81875	0.609375	0.837837837838	0.831325301205	0.696551724138	0.704980842912	0.584	0.710843373494	0.76814516129	0.811023622047	0.534090909091	0.600522193211	0.8	0.425742574257	0.760752688172	0.628959276018	0.416184971098	0.698529411765	0.77380952381	0.742857142857	0.22754491018	0.661016949153	0.652173913043	0.751879699248	0.457627118644	0.346153846154	0.630952380952	0.585714285714	0.649193548387	0.25	0.611111111111	0.653846153846	0.570707070707	0.486111111111	0.724489795918	0.662601626016	0.678571428571	0.652777777778	0.796226415094
17	228755233	0.793939393939	0.695652173913	0.757825370675	0.737556561086	0.655172413793	0.809756097561	0.682291666667	0.714285714286	0.712871287129	0.838862559242	0.533333333333	0.906832298137	0.722222222222	0.584795321637	0.582781456954	0.794444444444	0.823529411765	0.842911877395	0.699029126214	0.581395348837	0.81976744186	0.746666666667	0.760563380282	0.841739130435	0.779816513761	0.338983050847	0.638461538462	0.861801242236	0.827586206897	0.792565947242	0.788461538462	0.761194029851	0.709897610922	0.773234200743	0.608974358974	0.515625	0.864864864865	0.606060606061	0.835106382979	0.777292576419	0.766666666667	0.736526946108	0.62015503876	0.603773584906	0.809160305344	0.704467353952	0.668674698795	0.714285714286	0.628834355828	0.772413793103	0.764150943396	0.715909090909	0.702127659574	0.77106518283	0.665094339623	0.6801517067	0.78125	0.77037037037	0.847877358491	0.826619964974	0.793939393939	0.630769230769	0.798507462687	0.728395061728	0.699248120301	0.75	0.647619047619	0.74	0.691629955947	0.833333333333	0.55	0.622775800712	0.693333333333	0.679144385027	0.723163841808	0.597014925373	0.424581005587	0.609195402299	0.763440860215	0.622377622378	0.397435897436	0.71511627907	0.707865168539	0.75	0.733333333333	0.485714285714	0.644688644689	0.688888888889	0.709558823529	0.254716981132	0.52380952381	0.732142857143	0.569377990431	0.442748091603	0.605633802817	0.666666666667	0.577464788732	0.716417910448	0.715953307393
18	228755240	0.79754601227	0.673913043478	0.777594728171	0.717194570136	0.665615141956	0.793103448276	0.692708333333	0.714285714286	0.693069306931	0.843601895735	0.533333333333	0.888198757764	0.666666666667	0.567251461988	0.53642384106	0.788888888889	0.799019607843	0.841698841699	0.660194174757	0.604651162791	0.790697674419	0.733333333333	0.788732394366	0.84347826087	0.752293577982	0.372881355932	0.620512820513	0.866459627329	0.820689655172	0.796407185629	0.807692307692	0.727611940299	0.668941979522	0.769516728625	0.551282051282	0.59375	0.858108108108	0.636363636364	0.797872340426	0.772925764192	0.75	0.739393939394	0.643410852713	0.603773584906	0.770992366412	0.703832752613	0.656626506024	0.692307692308	0.603658536585	0.751724137931	0.720125786164	0.715909090909	0.68345323741	0.777424483307	0.655660377358	0.662007623888	0.776785714286	0.751851851852	0.841981132075	0.826086956522	0.791411042945	0.615384615385	0.791044776119	0.691358024691	0.676691729323	0.735507246377	0.691588785047	0.735294117647	0.678414096916	0.822580645161	0.54	0.565836298932	0.666666666667	0.637837837838	0.703389830508	0.611940298507	0.430167597765	0.624521072797	0.784946236559	0.618881118881	0.371794871795	0.709302325581	0.674157303371	0.75	0.766666666667	0.428571428571	0.6336996337	0.644444444444	0.718518518519	0.268867924528	0.534391534392	0.714285714286	0.555023923445	0.351145038168	0.549295774648	0.656084656085	0.577464788732	0.753846153846	0.719844357977
19	228755242	0.802395209581	0.688405797101	0.774461028192	0.72335600907	0.677115987461	0.8	0.65625	0.72619047619	0.663366336634	0.843601895735	0.504761904762	0.888198757764	0.611111111111	0.578947368421	0.530201342282	0.794444444444	0.78431372549	0.83908045977	0.68932038835	0.627906976744	0.808139534884	0.733333333333	0.760563380282	0.845217391304	0.788990825688	0.28813559322	0.625641025641	0.86895475819	0.827586206897	0.799283154122	0.788461538462	0.716417910448	0.687285223368	0.758364312268	0.571428571429	0.5625	0.849315068493	0.69696969697	0.813829787234	0.768558951965	0.766666666667	0.736363636364	0.643410852713	0.575471698113	0.793893129771	0.718213058419	0.668674698795	0.703296703297	0.582317073171	0.762237762238	0.75786163522	0.715909090909	0.702127659574	0.775834658188	0.665094339623	0.684410646388	0.785714285714	0.783582089552	0.841981132075	0.839441535777	0.781818181818	0.646153846154	0.798507462687	0.691358024691	0.684210526316	0.746376811594	0.728971962617	0.725490196078	0.669603524229	0.833333333333	0.54	0.601423487544	0.68	0.609625668449	0.697740112994	0.592039800995	0.424581005587	0.590038314176	0.720430107527	0.597902097902	0.378205128205	0.656976744186	0.674157303371	0.722222222222	0.75	0.428571428571	0.615384615385	0.655555555556	0.731617647059	0.245283018868	0.529100529101	0.714285714286	0.497607655502	0.335877862595	0.521126760563	0.656084656085	0.549295774648	0.686567164179	0.712062256809
20	228755248	0.796407185629	0.666666666667	0.772652388797	0.744343891403	0.658307210031	0.814634146341	0.677083333333	0.690476190476	0.712871287129	0.824644549763	0.47619047619	0.875776397516	0.555555555556	0.567251461988	0.549668874172	0.808988764045	0.799019607843	0.850574712644	0.679611650485	0.511627906977	0.808139534884	0.693333333333	0.760563380282	0.84	0.770642201835	0.322033898305	0.635897435897	0.858695652174	0.765517241379	0.78972520908	0.769230769231	0.716417910448	0.672354948805	0.780669144981	0.596153846154	0.484375	0.831081081081	0.666666666667	0.81914893617	0.751091703057	0.741666666667	0.721556886228	0.581395348837	0.584905660377	0.824427480916	0.714776632302	0.674698795181	0.703296703297	0.628048780488	0.786206896552	0.745283018868	0.681818181818	0.716312056738	0.783783783784	0.646226415094	0.671302149178	0.772321428571	0.748148148148	0.842789598109	0.84347826087	0.769696969697	0.584615384615	0.80303030303	0.734567901235	0.664122137405	0.753623188406	0.710280373832	0.71568627451	0.696035242291	0.833333333333	0.53	0.640569395018	0.68	0.668449197861	0.714689265537	0.616915422886	0.426966292135	0.60153256705	0.763440860215	0.632867132867	0.358974358974	0.703488372093	0.707865168539	0.729166666667	0.766666666667	0.485714285714	0.641025641026	0.677777777778	0.735294117647	0.259433962264	0.52380952381	0.75	0.555023923445	0.404580152672	0.577464788732	0.640211640212	0.56338028169	0.731343283582	0.715953307393
21	228761910	0.59872611465	0.681034482759	0.70303030303	0.733031674208	0.667673716012	0.852216748768	0.684210526316	0.65	0.704545454545	0.888888888889	0.577464788732	0.856725146199	0.5	0.529411764706	0.572327044025	0.798969072165	0.841860465116	0.797250859107	0.570175438596	0.857142857143	0.76821192053	0.606382978723	0.816901408451	0.878431372549	0.598130841121	0.450980392157	0.613065326633	0.885369532428	0.834482758621	0.763085399449	0.767676767677	0.74347826087	0.748344370861	0.702127659574	0.689189189189	0.611111111111	0.833333333333	0.366666666667	0.842465753425	0.869369369369	0.816	0.711246200608	0.673758865248	0.609523809524	0.726666666667	0.725925925926	0.576470588235	0.606060606061	0.569182389937	0.779527559055	0.760135135135	0.629213483146	0.690476190476	0.776545166403	0.635359116022	0.64367816092	0.827309236948	0.75092936803	0.851498637602	0.811258278146	0.832061068702	0.6	0.92125984252	0.771084337349	0.66049382716	0.748251748252	0.610294117647	0.708333333333	0.71635610766	0.795833333333	0.55	0.557575757576	0.633333333333	0.61	0.713333333333	0.557788944724	0.418994413408	0.625441696113	0.597014925373	0.661224489796	0.382352941176	0.711340206186	0.731707317073	0.739726027397	0.465753424658	0.454545454545	0.634782608696	0.48275862069	0.633663366337	0.242290748899	0.579439252336	0.677419354839	0.567796610169	0.369369369369	0.633802816901	0.686098654709	0.591836734694	0.652173913043	0.766519823789
22	228761917	0.592356687898	0.681034482759	0.715151515152	0.719457013575	0.676737160121	0.847290640394	0.657894736842	0.65	0.687022900763	0.873737373737	0.577464788732	0.853801169591	0.425	0.541176470588	0.490566037736	0.809278350515	0.818604651163	0.766323024055	0.570175438596	0.785714285714	0.76821192053	0.617021276596	0.816901408451	0.875984251969	0.588785046729	0.470588235294	0.623115577889	0.89592760181	0.827586206897	0.764462809917	0.747474747475	0.708695652174	0.711920529801	0.690987124464	0.702702702703	0.622222222222	0.786666666667	0.4	0.828767123288	0.873873873874	0.808	0.709480122324	0.58865248227	0.619047619048	0.733333333333	0.711111111111	0.581395348837	0.575757575758	0.534591194969	0.771653543307	0.722033898305	0.590909090909	0.690476190476	0.768621236133	0.613259668508	0.607643312102	0.803212851406	0.736059479554	0.847411444142	0.811881188119	0.824427480916	0.56	0.905511811024	0.740963855422	0.635802469136	0.723776223776	0.602941176471	0.680555555556	0.714285714286	0.795833333333	0.5625	0.560606060606	0.616666666667	0.575757575758	0.718120805369	0.577889447236	0.424581005587	0.625441696113	0.597014925373	0.648979591837	0.343195266272	0.675257731959	0.682926829268	0.753424657534	0.438356164384	0.424242424242	0.639130434783	0.48275862069	0.613861386139	0.237885462555	0.593457943925	0.709677419355	0.555084745763	0.342342342342	0.605633802817	0.681614349776	0.632653061224	0.626865671642	0.753303964758
23	228761919	0.585987261146	0.637931034483	0.69696969697	0.702272727273	0.673716012085	0.865671641791	0.647368421053	0.625	0.681818181818	0.858585858586	0.56338028169	0.847953216374	0.45	0.535294117647	0.528301886792	0.768041237113	0.813953488372	0.780068728522	0.561403508772	0.833333333333	0.748344370861	0.673913043478	0.830985915493	0.879921259843	0.579439252336	0.490196078431	0.592964824121	0.90346907994	0.806896551724	0.772099447514	0.68085106383	0.704347826087	0.721854304636	0.706382978723	0.682432432432	0.611111111111	0.793333333333	0.4	0.842465753425	0.851351351351	0.832	0.7125382263	0.63829787234	0.590476190476	0.726666666667	0.722222222222	0.576470588235	0.545454545455	0.544025157233	0.787401574803	0.741496598639	0.640449438202	0.68253968254	0.762282091918	0.63687150838	0.635204081633	0.823293172691	0.773234200743	0.847411444142	0.811881188119	0.854961832061	0.613333333333	0.866141732283	0.753012048193	0.641975308642	0.751748251748	0.625	0.708333333333	0.710144927536	0.806722689076	0.5125	0.563636363636	0.583333333333	0.545	0.7	0.572864321608	0.413407821229	0.621908127208	0.537313432836	0.643442622951	0.323529411765	0.649484536082	0.707317073171	0.760273972603	0.424657534247	0.424242424242	0.595652173913	0.48275862069	0.617161716172	0.233480176211	0.580188679245	0.709677419355	0.512711864407	0.279279279279	0.56338028169	0.663677130045	0.612244897959	0.594202898551	0.74449339207
24	228761925	0.605095541401	0.663793103448	0.69696969697	0.719457013575	0.658610271903	0.84236453202	0.705263157895	0.6625	0.69696969697	0.853535353535	0.535211267606	0.83918128655	0.45	0.529411764706	0.553459119497	0.788659793814	0.790697674419	0.776632302405	0.578947368421	0.785714285714	0.76821192053	0.606382978723	0.830985915493	0.86862745098	0.579439252336	0.450980392157	0.592964824121	0.892911010558	0.8	0.760330578512	0.727272727273	0.7	0.718543046358	0.710638297872	0.695945945946	0.588888888889	0.78	0.433333333333	0.849315068493	0.869369369369	0.824	0.677811550152	0.617021276596	0.590476190476	0.74	0.725925925926	0.604651162791	0.560606060606	0.572327044025	0.755905511811	0.709459459459	0.550561797753	0.690476190476	0.768621236133	0.60773480663	0.634394904459	0.81124497992	0.769516728625	0.841961852861	0.822847682119	0.801526717557	0.626666666667	0.88188976378	0.789156626506	0.62962962963	0.737762237762	0.632352941176	0.75	0.712215320911	0.783333333333	0.525	0.560606060606	0.616666666667	0.585	0.703333333333	0.577889447236	0.435754189944	0.636042402827	0.55223880597	0.644897959184	0.382352941176	0.675257731959	0.731707317073	0.760273972603	0.438356164384	0.424242424242	0.626086956522	0.51724137931	0.630363036304	0.246696035242	0.579439252336	0.709677419355	0.567796610169	0.378378378378	0.619718309859	0.699551569507	0.632653061224	0.68115942029	0.757709251101
25	228764149	0.741758241758	0.644859813084	0.694610778443	0.698564593301	0.69512195122	0.853658536585	0.591160220994	0.583333333333	0.83064516129	0.847533632287	0.571428571429	0.856140350877	0.0769230769231	0.474452554745	0.545454545455	0.679487179487	0.75	0.815573770492	0.664285714286	0.65625	0.732142857143	0.776595744681	0.772151898734	0.841986455982	0.65625	0.260869565217	0.63436123348	0.884927066451	0.703225806452	0.782511210762	0.815533980583	0.790513833992	0.620462046205	0.716	0.647887323944	0.578313253012	0.873949579832	0.357142857143	0.889705882353	0.847908745247	0.616071428571	0.740963855422	0.656	0.520833333333	0.701657458564	0.673151750973	0.72192513369	0.7375	0.600574712644	0.768115942029	0.776315789474	0.835443037975	0.758620689655	0.758278145695	0.673170731707	0.667105263158	0.787128712871	0.710037174721	0.882428940568	0.813743218807	0.815950920245	0.596774193548	0.809917355372	0.650306748466	0.57037037037	0.691275167785	0.63025210084	0.52	0.736501079914	0.841666666667	0.530612244898	0.595307917889	0.75	0.58371040724	0.746081504702	0.587155963303	0.387755102041	0.741134751773	0.609195402299	0.679324894515	0.339869281046	0.6	0.621951219512	0.669230769231	0.632911392405	0.304347826087	0.623853211009	0.41975308642	0.592039800995	0.304347826087	0.515151515152	0.636363636364	0.434262948207	0.386666666667	0.674418604651	0.726851851852	0.650793650794	0.633333333333	0.82641509434
26	228764156	0.736263736264	0.672897196262	0.708083832335	0.698564593301	0.69512195122	0.853658536585	0.569060773481	0.547619047619	0.790322580645	0.834080717489	0.493506493506	0.821052631579	0.115384615385	0.467153284672	0.51871657754	0.679487179487	0.757575757576	0.786885245902	0.642857142857	0.59375	0.744047619048	0.734042553191	0.772151898734	0.853273137698	0.65625	0.304347826087	0.621145374449	0.874388254486	0.664516129032	0.779147982063	0.844660194175	0.747035573123	0.613861386139	0.70564516129	0.669014084507	0.590361445783	0.882352941176	0.285714285714	0.867647058824	0.859315589354	0.642857142857	0.733333333333	0.6	0.541666666667	0.723756906077	0.666666666667	0.700534759358	0.7125	0.577586206897	0.720588235294	0.743421052632	0.759493670886	0.715517241379	0.756622516556	0.663414634146	0.657824933687	0.767326732673	0.695167286245	0.87984496124	0.808318264014	0.811320754717	0.612903225806	0.801652892562	0.662576687117	0.518518518519	0.687919463087	0.63025210084	0.56	0.723542116631	0.8375	0.510204081633	0.543026706231	0.75	0.58371040724	0.739811912226	0.591743119266	0.340136054422	0.744680851064	0.586206896552	0.654008438819	0.320261437908	0.552631578947	0.621951219512	0.676923076923	0.594936708861	0.304347826087	0.605504587156	0.407407407407	0.611940298507	0.278260869565	0.528138528139	0.690909090909	0.410358565737	0.386666666667	0.651162790698	0.717592592593	0.619047619048	0.616666666667	0.811320754717
27	228764158	0.741758241758	0.672897196262	0.687125748503	0.681818181818	0.715447154472	0.853658536585	0.580110497238	0.571428571429	0.754098360656	0.843049327354	0.506493506494	0.838596491228	0.115384615385	0.459854014599	0.540106951872	0.692307692308	0.746987951807	0.809917355372	0.621428571429	0.625	0.755952380952	0.776595744681	0.759493670886	0.839729119639	0.65625	0.326086956522	0.621681415929	0.881685575365	0.677419354839	0.791479820628	0.825242718447	0.761904761905	0.620462046205	0.712	0.642857142857	0.518072289157	0.865546218487	0.357142857143	0.911764705882	0.859315589354	0.651785714286	0.760606060606	0.622047244094	0.53125	0.718232044199	0.68093385214	0.711229946524	0.6875	0.577586206897	0.724637681159	0.75	0.79746835443	0.715517241379	0.746688741722	0.669950738916	0.671052631579	0.772277227723	0.743494423792	0.866925064599	0.80650994575	0.822085889571	0.629032258065	0.818181818182	0.656441717791	0.548148148148	0.701342281879	0.647058823529	0.546666666667	0.719222462203	0.845833333333	0.520408163265	0.542521994135	0.757142857143	0.538461538462	0.74921630094	0.56880733945	0.360544217687	0.741134751773	0.563218390805	0.658227848101	0.300653594771	0.557894736842	0.634146341463	0.6640625	0.620253164557	0.282608695652	0.591743119266	0.430379746835	0.611940298507	0.265217391304	0.52380952381	0.636363636364	0.394422310757	0.34	0.630952380952	0.675925925926	0.619047619048	0.533333333333	0.796226415094
28	228764164	0.714285714286	0.663551401869	0.709580838323	0.705741626794	0.678861788618	0.84756097561	0.563535911602	0.547619047619	0.790322580645	0.843049327354	0.545454545455	0.821052631579	0.115384615385	0.467153284672	0.51871657754	0.679487179487	0.771084337349	0.80737704918	0.621428571429	0.625	0.738095238095	0.712765957447	0.759493670886	0.846501128668	0.65625	0.304347826087	0.61013215859	0.880064829822	0.651612903226	0.779147982063	0.766990291262	0.768924302789	0.598006644518	0.7	0.661971830986	0.566265060241	0.857142857143	0.428571428571	0.904411764706	0.874524714829	0.642857142857	0.721212121212	0.622047244094	0.53125	0.718232044199	0.677042801556	0.72192513369	0.7375	0.591954022989	0.760869565217	0.753289473684	0.810126582278	0.724137931034	0.75415282392	0.653658536585	0.676315789474	0.767326732673	0.724907063197	0.878552971576	0.817359855335	0.79754601227	0.564516129032	0.793388429752	0.644171779141	0.525925925926	0.689189189189	0.621848739496	0.6	0.7343412527	0.845833333333	0.479591836735	0.598240469208	0.777777777778	0.593607305936	0.742946708464	0.582568807339	0.34693877551	0.751773049645	0.64367816092	0.683544303797	0.326797385621	0.605263157895	0.670731707317	0.684615384615	0.632911392405	0.326086956522	0.623853211009	0.407407407407	0.621890547264	0.3	0.519480519481	0.690909090909	0.410358565737	0.393333333333	0.662790697674	0.712962962963	0.634920634921	0.616666666667	0.792452830189
29	228766391	0.656976744186	0.849056603774	0.733009708738	0.726582278481	0.676870748299	0.840659340659	0.633027522936	0.64367816092	0.676923076923	0.793939393939	0.512820512821	0.903485254692	0.818181818182	0.549450549451	0.574626865672	0.785714285714	0.803571428571	0.787769784173	0.556818181818	0.603448275862	0.785365853659	0.746666666667	0.888888888889	0.882797731569	0.724770642202	0.245283018868	0.648187633262	0.865996649916	0.761904761905	0.782608695652	0.681034482759	0.816037735849	0.710191082803	0.733067729084	0.705882352941	0.694736842105	0.764705882353	0.208333333333	0.752	0.822335025381	0.708737864078	0.721518987342	0.547826086957	0.639344262295	0.822580645161	0.673151750973	0.562913907285	0.875	0.642857142857	0.741666666667	0.76897689769	0.575342465753	0.892156862745	0.77994011976	0.679802955665	0.669291338583	0.798245614035	0.824817518248	0.874643874644	0.821963394343	0.803680981595	0.641025641026	0.75	0.763358778626	0.583333333333	0.729241877256	0.690265486726	0.584269662921	0.742729306488	0.84	0.432432432432	0.617391304348	0.686567164179	0.509090909091	0.739583333333	0.60101010101	0.401315789474	0.67578125	0.659090909091	0.651452282158	0.38125	0.686274509804	0.714285714286	0.75	0.514705882353	0.5	0.626126126126	0.55223880597	0.668067226891	0.328358208955	0.602150537634	0.818181818182	0.636363636364	0.478260869565	0.533333333333	0.577272727273	0.759259259259	0.622641509434	0.710843373494
30	228766398	0.641176470588	0.858490566038	0.735483870968	0.721518987342	0.710884353741	0.824175824176	0.628440366972	0.64367816092	0.638461538462	0.77245508982	0.5	0.882666666667	0.681818181818	0.532967032967	0.544776119403	0.72619047619	0.799107142857	0.751798561151	0.545454545455	0.620689655172	0.785365853659	0.786666666667	0.876543209877	0.87145557656	0.733944954128	0.320754716981	0.62473347548	0.872268907563	0.775510204082	0.791095890411	0.655172413793	0.792452830189	0.662420382166	0.721115537849	0.697478991597	0.642105263158	0.725490196078	0.166666666667	0.736	0.837563451777	0.708737864078	0.725806451613	0.548672566372	0.606557377049	0.806451612903	0.665369649805	0.529411764706	0.863636363636	0.616402116402	0.708333333333	0.745874587459	0.547945205479	0.901960784314	0.773952095808	0.655172413793	0.635170603675	0.802631578947	0.806569343066	0.873579545455	0.824212271973	0.801242236025	0.653846153846	0.75641025641	0.770992366412	0.576388888889	0.747292418773	0.646017699115	0.606741573034	0.736017897092	0.825	0.391891891892	0.611594202899	0.686567164179	0.472727272727	0.736111111111	0.560606060606	0.394736842105	0.681102362205	0.681818181818	0.661087866109	0.36875	0.68137254902	0.714285714286	0.75625	0.484848484848	0.4	0.635135135135	0.537313432836	0.634453781513	0.313432835821	0.591397849462	0.863636363636	0.61038961039	0.413043478261	0.493333333333	0.563636363636	0.740740740741	0.641509433962	0.706827309237
31	228766400	0.622093023256	0.858490566038	0.743548387097	0.716455696203	0.712328767123	0.835164835165	0.638888888889	0.64367816092	0.653846153846	0.77245508982	0.487179487179	0.864	0.818181818182	0.571428571429	0.60447761194	0.744047619048	0.799107142857	0.760869565217	0.545454545455	0.655172413793	0.809756097561	0.746666666667	0.888888888889	0.873345935728	0.724770642202	0.264150943396	0.620469083156	0.872268907563	0.761904761905	0.782608695652	0.663793103448	0.787735849057	0.691082802548	0.725099601594	0.672268907563	0.621052631579	0.745098039216	0.291666666667	0.752	0.852791878173	0.718446601942	0.712025316456	0.530973451327	0.622950819672	0.790322580645	0.684824902724	0.535947712418	0.863636363636	0.60582010582	0.683333333333	0.759197324415	0.520547945205	0.911764705882	0.776946107784	0.660098522167	0.665789473684	0.802631578947	0.821167883212	0.87037037037	0.824212271973	0.80981595092	0.615384615385	0.75	0.763358778626	0.583333333333	0.747292418773	0.663716814159	0.640449438202	0.718120805369	0.838383838384	0.432432432432	0.605797101449	0.701492537313	0.431818181818	0.708333333333	0.565656565657	0.407894736842	0.65234375	0.659090909091	0.618257261411	0.3625	0.647058823529	0.671428571429	0.73125	0.426470588235	0.35	0.603603603604	0.507462686567	0.634453781513	0.318407960199	0.60752688172	0.863636363636	0.580086580087	0.398550724638	0.506666666667	0.554545454545	0.777777777778	0.584905660377	0.678714859438
32	228766406	0.639534883721	0.839622641509	0.743548387097	0.697201017812	0.683673469388	0.791208791209	0.605504587156	0.632183908046	0.653846153846	0.77245508982	0.525641025641	0.866666666667	0.727272727273	0.565934065934	0.60447761194	0.728915662651	0.816964285714	0.751798561151	0.522727272727	0.603448275862	0.785365853659	0.733333333333	0.864197530864	0.873345935728	0.724770642202	0.264150943396	0.62473347548	0.876046901173	0.761904761905	0.771167048055	0.681034482759	0.778301886792	0.633757961783	0.745019920319	0.689075630252	0.578947368421	0.732026143791	0.291666666667	0.72	0.847715736041	0.708737864078	0.696202531646	0.539130434783	0.573770491803	0.814516129032	0.684824902724	0.535947712418	0.878787878788	0.632275132275	0.658333333333	0.759075907591	0.506849315068	0.93	0.781437125749	0.665024630542	0.669291338583	0.815789473684	0.846715328467	0.862215909091	0.825870646766	0.78527607362	0.615384615385	0.75641025641	0.763358778626	0.5625	0.736462093863	0.610619469027	0.640449438202	0.724832214765	0.83	0.405405405405	0.640579710145	0.716417910448	0.531818181818	0.71875	0.580808080808	0.401315789474	0.67578125	0.659090909091	0.651452282158	0.35625	0.676470588235	0.728571428571	0.7375	0.5	0.5	0.635135135135	0.537313432836	0.655462184874	0.338308457711	0.596774193548	0.863636363636	0.614718614719	0.434782608696	0.506666666667	0.563636363636	0.722222222222	0.660377358491	0.70281124498
33	228768632	0.774193548387	0.783333333333	0.69	0.733173076923	0.691318327974	0.817351598174	0.636904761905	0.773333333333	0.740740740741	0.867924528302	0.582524271845	0.89644012945	0.551724137931	0.577777777778	0.608695652174	0.813829787234	0.735751295337	0.813765182186	0.734265734266	0.612903225806	0.787878787879	0.653846153846	0.822784810127	0.882459312839	0.776978417266	0.203125	0.61975308642	0.860896445131	0.777777777778	0.75753920386	0.79381443299	0.784140969163	0.719242902208	0.644670050761	0.603305785124	0.596330275229	0.804347826087	0.333333333333	0.829931972789	0.835294117647	0.824074074074	0.74213836478	0.598639455782	0.584905660377	0.707482993197	0.772727272727	0.654054054054	0.788732394366	0.656836461126	0.708333333333	0.783606557377	0.582417582418	0.693693693694	0.792805755396	0.68253968254	0.705045278137	0.780172413793	0.710037174721	0.85733512786	0.786061588331	0.924242424242	0.685714285714	0.867816091954	0.705521472393	0.613138686131	0.743944636678	0.72972972973	0.58904109589	0.729910714286	0.867521367521	0.520547945205	0.578571428571	0.736111111111	0.511904761905	0.704347826087	0.583333333333	0.418918918919	0.640776699029	0.619047619048	0.661596958175	0.282051282051	0.546341463415	0.788888888889	0.732283464567	0.45	0.428571428571	0.578947368421	0.671232876712	0.646428571429	0.298245614035	0.581497797357	0.75	0.47265625	0.43537414966	0.694736842105	0.552486187845	0.743243243243	0.5625	0.726962457338
34	228768639	0.758169934641	0.766666666667	0.725913621262	0.742788461538	0.713826366559	0.817351598174	0.654761904762	0.773333333333	0.674074074074	0.874213836478	0.533980582524	0.877022653722	0.51724137931	0.548148148148	0.594202898551	0.797872340426	0.725388601036	0.797570850202	0.72027972028	0.58064516129	0.757575757576	0.705128205128	0.810126582278	0.878402903811	0.776978417266	0.234375	0.597530864198	0.858475894246	0.78612716763	0.747889022919	0.814432989691	0.766519823789	0.703470031546	0.639593908629	0.586776859504	0.504672897196	0.757352941176	0.37037037037	0.829931972789	0.835294117647	0.731481481481	0.764150943396	0.591836734694	0.603773584906	0.707482993197	0.753787878788	0.648648648649	0.760563380282	0.640750670241	0.666666666667	0.750819672131	0.593406593407	0.72972972973	0.788489208633	0.68253968254	0.68093385214	0.762931034483	0.672862453532	0.865410497981	0.786752827141	0.886363636364	0.642857142857	0.833333333333	0.699386503067	0.598540145985	0.754325259516	0.695945945946	0.520547945205	0.738839285714	0.858974358974	0.520547945205	0.539285714286	0.764705882353	0.5	0.704347826087	0.592592592593	0.418918918919	0.637540453074	0.619047619048	0.634980988593	0.266233766234	0.536585365854	0.777777777778	0.732283464567	0.4	0.457142857143	0.598086124402	0.684931506849	0.664285714286	0.30701754386	0.5859030837	0.769230769231	0.4609375	0.414965986395	0.684210526316	0.546961325967	0.756756756757	0.546875	0.735395189003
35	228768641	0.761290322581	0.791666666667	0.711666666667	0.721153846154	0.733118971061	0.811059907834	0.636904761905	0.76	0.666666666667	0.85534591195	0.475247524752	0.867313915858	0.51724137931	0.57037037037	0.594202898551	0.792553191489	0.694300518135	0.801619433198	0.72027972028	0.633333333333	0.780303030303	0.717948717949	0.835443037975	0.886075949367	0.784172661871	0.229508196721	0.6	0.866459627329	0.774566473988	0.755126658625	0.79381443299	0.765486725664	0.709779179811	0.629441624365	0.619834710744	0.54128440367	0.782608695652	0.333333333333	0.823129251701	0.827450980392	0.759259259259	0.753164556962	0.605442176871	0.575471698113	0.69387755102	0.776515151515	0.648648648649	0.774647887324	0.621983914209	0.652777777778	0.747540983607	0.593406593407	0.743119266055	0.787050359712	0.68449197861	0.702983138781	0.775862068966	0.710037174721	0.8600269179	0.796445880452	0.893939393939	0.685714285714	0.827586206897	0.693251533742	0.605839416058	0.754325259516	0.695945945946	0.602739726027	0.732142857143	0.883620689655	0.520547945205	0.55	0.763888888889	0.422619047619	0.701449275362	0.574074074074	0.432432432432	0.647249190939	0.607142857143	0.634980988593	0.262820512821	0.536585365854	0.777777777778	0.748031496063	0.375	0.428571428571	0.588516746411	0.698630136986	0.671428571429	0.293859649123	0.57268722467	0.788461538462	0.4296875	0.374149659864	0.684210526316	0.524861878453	0.743243243243	0.515625	0.726962457338
36	228768647	0.754838709677	0.783333333333	0.717607973422	0.742788461538	0.691318327974	0.808219178082	0.638554216867	0.76	0.718518518519	0.867924528302	0.563106796117	0.873786407767	0.551724137931	0.562962962963	0.584541062802	0.779569892473	0.740932642487	0.805668016194	0.706293706294	0.612903225806	0.772727272727	0.628205128205	0.848101265823	0.877034358047	0.776978417266	0.25	0.617283950617	0.860896445131	0.797687861272	0.751507840772	0.762886597938	0.762114537445	0.700315457413	0.604060913706	0.586776859504	0.467889908257	0.775362318841	0.37037037037	0.836734693878	0.827450980392	0.759259259259	0.754716981132	0.56462585034	0.575471698113	0.700680272109	0.759541984733	0.654054054054	0.760563380282	0.643431635389	0.659722222222	0.780327868852	0.582417582418	0.720720720721	0.789321789322	0.666666666667	0.721862871928	0.784482758621	0.721189591078	0.847913862719	0.798061389338	0.886363636364	0.7	0.83908045977	0.711656441718	0.583941605839	0.745644599303	0.716216216216	0.561643835616	0.734375	0.867521367521	0.493150684932	0.564285714286	0.777777777778	0.494047619048	0.713043478261	0.592592592593	0.432432432432	0.640776699029	0.630952380952	0.642585551331	0.294871794872	0.546341463415	0.811111111111	0.748031496063	0.425	0.424242424242	0.588516746411	0.698630136986	0.657142857143	0.293859649123	0.5859030837	0.769230769231	0.46875	0.421768707483	0.673684210526	0.53591160221	0.743243243243	0.53125	0.744027303754
37	228770872	0.682432432432	0.803921568627	0.688622754491	0.736180904523	0.697368421053	0.848101265823	0.625570776256	0.634408602151	0.822033898305	0.812834224599	0.56043956044	0.835766423358	0.545454545455	0.687022900763	0.5625	0.8407960199	0.777251184834	0.812	0.625	0.720930232558	0.819277108434	0.740740740741	0.756097560976	0.847866419295	0.650943396226	0.508474576271	0.646924829157	0.901893287435	0.775510204082	0.773349937733	0.694117647059	0.688	0.682432432432	0.782442748092	0.736	0.518072289157	0.815950920245	0.315789473684	0.870503597122	0.79704797048	0.673469387755	0.753086419753	0.611570247934	0.63963963964	0.781456953642	0.765432098765	0.715976331361	0.666666666667	0.63184079602	0.777070063694	0.795918367347	0.70652173913	0.735537190083	0.79179331307	0.740740740741	0.661437908497	0.811881188119	0.749049429658	0.873762376238	0.782094594595	0.829787234043	0.689655172414	0.85	0.703225806452	0.62987012987	0.785714285714	0.620437956204	0.666666666667	0.746170678337	0.831818181818	0.539325842697	0.585014409222	0.609195402299	0.553488372093	0.759036144578	0.660550458716	0.437185929648	0.703846153846	0.703703703704	0.6875	0.35625	0.618811881188	0.691358024691	0.661538461538	0.573770491803	0.513513513514	0.584474885845	0.620689655172	0.633466135458	0.268867924528	0.597156398104	0.64	0.573275862069	0.3	0.763157894737	0.616216216216	0.787234042553	0.672131147541	0.727272727273
38	228770879	0.6875	0.803921568627	0.697014925373	0.746231155779	0.684210526316	0.825	0.648401826484	0.571428571429	0.771186440678	0.802139037433	0.582417582418	0.8125	0.545454545455	0.69465648855	0.540229885057	0.820895522388	0.764423076923	0.816	0.640625	0.720930232558	0.83734939759	0.79012345679	0.768292682927	0.849721706865	0.679245283019	0.491525423729	0.621867881549	0.899480069324	0.755102040816	0.768368617684	0.682352941176	0.681274900398	0.652027027027	0.774809160305	0.704	0.530120481928	0.78527607362	0.421052631579	0.848920863309	0.793357933579	0.69387755102	0.753086419753	0.669421487603	0.612612612613	0.801324503311	0.77366255144	0.674556213018	0.653333333333	0.616915422886	0.757961783439	0.758503401361	0.652173913043	0.735537190083	0.79179331307	0.722222222222	0.63660130719	0.772277227723	0.752851711027	0.871287128713	0.768971332209	0.792553191489	0.637931034483	0.81875	0.696774193548	0.616883116883	0.758928571429	0.620437956204	0.666666666667	0.74398249453	0.836363636364	0.550561797753	0.559077809798	0.597701149425	0.511627906977	0.756024096386	0.651376146789	0.412060301508	0.707692307692	0.703703703704	0.691666666667	0.322784810127	0.598039215686	0.691358024691	0.692307692308	0.55737704918	0.432432432432	0.58904109589	0.603448275862	0.633466135458	0.283018867925	0.616113744076	0.68	0.551724137931	0.326666666667	0.75	0.6	0.787234042553	0.688524590164	0.715909090909
39	228770881	0.668918918919	0.816993464052	0.699101796407	0.726130653266	0.703947368421	0.825	0.643835616438	0.569892473118	0.769230769231	0.807486631016	0.538461538462	0.806569343066	0.545454545455	0.702290076336	0.573863636364	0.825870646766	0.767772511848	0.808	0.6484375	0.720930232558	0.831325301205	0.79012345679	0.792682926829	0.851576994434	0.669811320755	0.508474576271	0.640091116173	0.906735751295	0.755102040816	0.783312577833	0.647058823529	0.686746987952	0.672297297297	0.763358778626	0.68	0.530120481928	0.79754601227	0.421052631579	0.834532374101	0.782287822878	0.704081632653	0.754658385093	0.652892561983	0.594594594595	0.778523489933	0.765432098765	0.650887573964	0.693333333333	0.597014925373	0.738853503185	0.775510204082	0.695652173913	0.735537190083	0.782012195122	0.710280373832	0.669291338583	0.800995024876	0.764258555133	0.871287128713	0.785834738617	0.835106382979	0.637931034483	0.85	0.709677419355	0.616883116883	0.78125	0.627737226277	0.685714285714	0.73289183223	0.844036697248	0.539325842697	0.564841498559	0.609195402299	0.497674418605	0.75	0.646788990826	0.442211055276	0.703846153846	0.703703703704	0.675	0.34375	0.612745098039	0.691358024691	0.676923076923	0.55737704918	0.432432432432	0.575342465753	0.586206896552	0.629482071713	0.283018867925	0.616113744076	0.68	0.538793103448	0.3	0.763157894737	0.578378378378	0.787234042553	0.622950819672	0.708333333333
40	228770887	0.668918918919	0.790849673203	0.698507462687	0.72864321608	0.684210526316	0.83125	0.657534246575	0.569892473118	0.779661016949	0.812834224599	0.582417582418	0.772058823529	0.515151515152	0.702290076336	0.585227272727	0.812182741117	0.75355450237	0.8	0.6171875	0.697674418605	0.801204819277	0.703703703704	0.768292682927	0.838589981447	0.679245283019	0.457627118644	0.646924829157	0.903614457831	0.755102040816	0.760896637609	0.658823529412	0.701195219124	0.665540540541	0.786259541985	0.68	0.481927710843	0.803680981595	0.421052631579	0.827338129496	0.785977859779	0.663265306122	0.739263803681	0.595041322314	0.576576576577	0.788079470199	0.777777777778	0.692307692308	0.653333333333	0.629353233831	0.770700636943	0.765306122449	0.652173913043	0.743801652893	0.782674772036	0.694444444444	0.660130718954	0.777227722772	0.749049429658	0.878712871287	0.787521079258	0.824468085106	0.655172413793	0.84375	0.716129032258	0.636363636364	0.767857142857	0.620437956204	0.695238095238	0.746170678337	0.831818181818	0.539325842697	0.553623188406	0.609195402299	0.562790697674	0.743975903614	0.665137614679	0.441624365482	0.696153846154	0.691358024691	0.675	0.34375	0.607843137255	0.728395061728	0.676923076923	0.55737704918	0.459459459459	0.58904109589	0.568965517241	0.625498007968	0.297169811321	0.611374407583	0.66	0.581896551724	0.32	0.763157894737	0.594594594595	0.787234042553	0.672131147541	0.727272727273
41	228773097	0.731343283582	0.682692307692	0.727399165508	0.708439897698	0.706231454006	0.8	0.642045454545	0.733333333333	0.761904761905	0.875675675676	0.493150684932	0.884984025559	0.571428571429	0.5	0.572368421053	0.76213592233	0.735849056604	0.799342105263	0.586206896552	0.72972972973	0.783439490446	0.675675675676	0.767441860465	0.844230769231	0.798449612403	0.468085106383	0.593380614657	0.864297253635	0.705882352941	0.800550206327	0.77027027027	0.78431372549	0.658783783784	0.712962962963	0.646616541353	0.583333333333	0.829787234043	0.238095238095	0.796875	0.829694323144	0.803571428571	0.747508305648	0.613793103448	0.533333333333	0.754385964912	0.630769230769	0.777070063694	0.694444444444	0.554896142433	0.71974522293	0.726937269373	0.657894736842	0.789855072464	0.790372670807	0.697872340426	0.687066974596	0.85140562249	0.72695035461	0.848641655886	0.784745762712	0.907975460123	0.672131147541	0.817567567568	0.734463276836	0.700636942675	0.715481171548	0.741379310345	0.726315789474	0.766968325792	0.8125	0.428571428571	0.619883040936	0.75	0.56345177665	0.75	0.678048780488	0.421621621622	0.638989169675	0.626506024096	0.71119133574	0.404494382022	0.603603603604	0.64367816092	0.718518518519	0.676923076923	0.261904761905	0.608510638298	0.611111111111	0.666666666667	0.269058295964	0.555	0.666666666667	0.576612903226	0.504273504274	0.644230769231	0.686098654709	0.72	0.469387755102	0.746031746032
42	228773104	0.751243781095	0.650485436893	0.722454672245	0.69820971867	0.719764011799	0.8	0.636363636364	0.693333333333	0.721088435374	0.87027027027	0.452054794521	0.881028938907	0.535714285714	0.492647058824	0.519736842105	0.771844660194	0.72641509434	0.776315789474	0.568965517241	0.72972972973	0.789808917197	0.675675675676	0.837209302326	0.840384615385	0.77519379845	0.404255319149	0.560283687943	0.874796747967	0.7	0.790921595598	0.743243243243	0.761437908497	0.628378378378	0.736111111111	0.654135338346	0.535714285714	0.843971631206	0.333333333333	0.765625	0.867841409692	0.767857142857	0.737541528239	0.641379310345	0.5	0.745614035088	0.657692307692	0.757961783439	0.675675675676	0.551928783383	0.668789808917	0.678966789668	0.644736842105	0.81884057971	0.780373831776	0.710638297872	0.675519630485	0.823293172691	0.68085106383	0.847741935484	0.786195286195	0.871165644172	0.590163934426	0.844594594595	0.717514124294	0.691823899371	0.686192468619	0.724137931034	0.726315789474	0.762443438914	0.809322033898	0.43956043956	0.608187134503	0.735294117647	0.53807106599	0.72754491018	0.687804878049	0.437837837838	0.63768115942	0.638554216867	0.725631768953	0.387640449438	0.59009009009	0.64367816092	0.733333333333	0.676923076923	0.261904761905	0.595744680851	0.638888888889	0.700757575758	0.286995515695	0.555	0.717948717949	0.556451612903	0.495726495726	0.653846153846	0.659192825112	0.733333333333	0.469387755102	0.739682539683
43	228773106	0.746268656716	0.634615384615	0.724617524339	0.695652173913	0.725663716814	0.814285714286	0.642045454545	0.68	0.731034482759	0.881081081081	0.438356164384	0.87459807074	0.5	0.522058823529	0.565789473684	0.76213592233	0.712264150943	0.792763157895	0.586206896552	0.756756756757	0.802547770701	0.689189189189	0.837209302326	0.834615384615	0.790697674419	0.425531914894	0.5768321513	0.889789303079	0.694117647059	0.795048143054	0.72972972973	0.763157894737	0.64527027027	0.726851851852	0.639097744361	0.583333333333	0.829787234043	0.285714285714	0.78125	0.860262008734	0.803571428571	0.740863787375	0.648275862069	0.441666666667	0.736842105263	0.688461538462	0.751592356688	0.689189189189	0.516320474777	0.68152866242	0.708487084871	0.631578947368	0.81884057971	0.783489096573	0.744680851064	0.692840646651	0.843373493976	0.719858156028	0.851612903226	0.784511784512	0.901840490798	0.606557377049	0.835616438356	0.728813559322	0.704402515723	0.71129707113	0.686440677966	0.726315789474	0.764705882353	0.810924369748	0.450549450549	0.605263157895	0.735294117647	0.51269035533	0.732142857143	0.678048780488	0.437837837838	0.646209386282	0.590361445783	0.714801444043	0.398876404494	0.594594594595	0.632183908046	0.733333333333	0.646153846154	0.285714285714	0.595744680851	0.583333333333	0.69696969697	0.269058295964	0.540404040404	0.717948717949	0.532520325203	0.435897435897	0.644230769231	0.641255605381	0.693333333333	0.408163265306	0.726984126984
44	228773112	0.73631840796	0.653846153846	0.721835883171	0.690537084399	0.70796460177	0.8	0.647727272727	0.706666666667	0.741496598639	0.87027027027	0.506849315068	0.87459807074	0.535714285714	0.507352941176	0.559210526316	0.720588235294	0.731132075472	0.796052631579	0.586206896552	0.756756756757	0.777070063694	0.621621621622	0.790697674419	0.834615384615	0.748031496063	0.468085106383	0.557919621749	0.862236628849	0.670588235294	0.778541953232	0.716216216216	0.771241830065	0.622448979592	0.740740740741	0.609022556391	0.511904761905	0.815602836879	0.333333333333	0.7890625	0.860262008734	0.794642857143	0.730897009967	0.606896551724	0.483333333333	0.736842105263	0.676923076923	0.764331210191	0.689189189189	0.569732937685	0.68152866242	0.724907063197	0.592105263158	0.833333333333	0.776397515528	0.712446351931	0.700923787529	0.823293172691	0.698581560284	0.837419354839	0.79797979798	0.889570552147	0.655737704918	0.837837837838	0.723163841808	0.666666666667	0.669456066946	0.71186440678	0.726315789474	0.766968325792	0.8125	0.428571428571	0.619883040936	0.735294117647	0.548223350254	0.732142857143	0.673170731707	0.432432432432	0.646209386282	0.626506024096	0.71119133574	0.415730337079	0.594594594595	0.632183908046	0.748148148148	0.661538461538	0.261904761905	0.595744680851	0.611111111111	0.700757575758	0.264573991031	0.55	0.666666666667	0.576612903226	0.495726495726	0.653846153846	0.681614349776	0.733333333333	0.469387755102	0.755555555556
45	228775338	0.75	0.781456953642	0.72	0.740740740741	0.730897009967	0.821428571429	0.632432432432	0.810810810811	0.659722222222	0.871165644172	0.6	0.889261744966	0.578947368421	0.51724137931	0.564285714286	0.752525252525	0.794871794872	0.740213523132	0.656	0.732142857143	0.885542168675	0.62962962963	0.917808219178	0.836501901141	0.55737704918	0.402777777778	0.665816326531	0.873310810811	0.76875	0.798534798535	0.632183908046	0.73063973064	0.638629283489	0.640816326531	0.611464968153	0.511627906977	0.75935828877	0.384615384615	0.821428571429	0.882096069869	0.787610619469	0.671875	0.625	0.670588235294	0.700680272109	0.8	0.608187134503	0.55	0.663956639566	0.786585365854	0.698884758364	0.727272727273	0.68253968254	0.810289389068	0.731343283582	0.752179327522	0.79797979798	0.68669527897	0.844897959184	0.81914893617	0.864661654135	0.6	0.779411764706	0.721854304636	0.698224852071	0.724	0.656	0.627906976744	0.713675213675	0.786290322581	0.43	0.623342175066	0.777777777778	0.62962962963	0.714285714286	0.511494252874	0.455696202532	0.702508960573	0.648148148148	0.681818181818	0.315068493151	0.653266331658	0.587301587302	0.617647058824	0.593220338983	0.352941176471	0.646511627907	0.556701030928	0.66796875	0.25	0.655462184874	0.666666666667	0.596638655462	0.454545454545	0.669811320755	0.602739726027	0.606557377049	0.55737704918	0.801619433198
46	228775345	0.75	0.78431372549	0.746153846154	0.711627906977	0.737541528239	0.821428571429	0.594594594595	0.783783783784	0.625	0.840490797546	0.557894736842	0.875	0.473684210526	0.522167487685	0.521428571429	0.742424242424	0.796954314721	0.725978647687	0.648	0.75	0.903614457831	0.62962962963	0.917808219178	0.842205323194	0.549180327869	0.388888888889	0.622448979592	0.875	0.78125	0.788249694002	0.586206896552	0.700336700337	0.629283489097	0.661224489796	0.56050955414	0.418604651163	0.791443850267	0.423076923077	0.814285714286	0.886462882096	0.743362831858	0.680379746835	0.6015625	0.623529411765	0.707482993197	0.798449612403	0.602339181287	0.5375	0.607629427793	0.719512195122	0.674074074074	0.676767676768	0.666666666667	0.799035369775	0.686567164179	0.721871049305	0.762626262626	0.675324675325	0.850746268657	0.807575757576	0.842105263158	0.586666666667	0.786764705882	0.728476821192	0.715976331361	0.716	0.56	0.616279069767	0.707264957265	0.782258064516	0.47	0.579787234043	0.728813559322	0.602693602694	0.720364741641	0.534482758621	0.46835443038	0.695652173913	0.666666666667	0.672535211268	0.301369863014	0.64824120603	0.555555555556	0.625	0.576271186441	0.411764705882	0.637209302326	0.556701030928	0.68359375	0.263636363636	0.668067226891	0.733333333333	0.571428571429	0.438016528926	0.669811320755	0.579908675799	0.590163934426	0.590163934426	0.797570850202
47	228775347	0.720238095238	0.794701986755	0.726153846154	0.694444444444	0.73063973064	0.839285714286	0.6	0.77027027027	0.631944444444	0.834355828221	0.536842105263	0.865771812081	0.447368421053	0.536945812808	0.557142857143	0.737373737374	0.802030456853	0.715302491103	0.648	0.75	0.90243902439	0.716049382716	0.849315068493	0.847328244275	0.55737704918	0.402777777778	0.614795918367	0.884353741497	0.8	0.797313797314	0.620689655172	0.707070707071	0.635514018692	0.685714285714	0.554140127389	0.476744186047	0.778378378378	0.423076923077	0.821428571429	0.882096069869	0.734513274336	0.675	0.6171875	0.635294117647	0.714285714286	0.815384615385	0.59649122807	0.589743589744	0.609756097561	0.707317073171	0.721189591078	0.666666666667	0.706349206349	0.807754442649	0.706467661692	0.729426433915	0.813131313131	0.716738197425	0.850746268657	0.816666666667	0.84962406015	0.613333333333	0.830882352941	0.744966442953	0.704142011834	0.712	0.616	0.627906976744	0.709401709402	0.782258064516	0.43	0.583554376658	0.746031746032	0.59595959596	0.693009118541	0.534482758621	0.455696202532	0.691756272401	0.611111111111	0.646853146853	0.260273972603	0.643216080402	0.52380952381	0.602941176471	0.559322033898	0.264705882353	0.618604651163	0.525773195876	0.67578125	0.245454545455	0.676470588235	0.766666666667	0.529411764706	0.446280991736	0.669811320755	0.579908675799	0.590163934426	0.55737704918	0.805668016194
48	228775353	0.744047619048	0.745098039216	0.736923076923	0.724537037037	0.733333333333	0.815476190476	0.594594594595	0.810810810811	0.638888888889	0.834355828221	0.557894736842	0.859060402685	0.473684210526	0.507389162562	0.542857142857	0.727272727273	0.791878172589	0.729537366548	0.648	0.732142857143	0.903614457831	0.604938271605	0.945205479452	0.825095057034	0.540983606557	0.402777777778	0.642857142857	0.875	0.7625	0.783882783883	0.597701149425	0.713804713805	0.591900311526	0.665306122449	0.56050955414	0.46511627907	0.770053475936	0.384615384615	0.814285714286	0.860262008734	0.743362831858	0.671875	0.6015625	0.611764705882	0.721088435374	0.803846153846	0.625730994152	0.5625	0.636856368564	0.756097560976	0.722222222222	0.636363636364	0.714285714286	0.8038585209	0.691542288557	0.737235367372	0.792929292929	0.682403433476	0.850340136054	0.818181818182	0.84962406015	0.613333333333	0.801470588235	0.728476821192	0.710059171598	0.712	0.624	0.616279069767	0.706008583691	0.774193548387	0.45	0.589333333333	0.746031746032	0.619528619529	0.717325227964	0.53488372093	0.462025316456	0.691756272401	0.611111111111	0.674825174825	0.328767123288	0.663316582915	0.571428571429	0.595588235294	0.593220338983	0.352941176471	0.660465116279	0.556701030928	0.6953125	0.254545454545	0.668067226891	0.7	0.59243697479	0.454545454545	0.688679245283	0.602739726027	0.590163934426	0.55737704918	0.80971659919
49	228779810	0.666666666667	0.683673469388	0.724193548387	0.711904761905	0.652014652015	0.777027027027	0.634146341463	0.627118644068	0.756097560976	0.854838709677	0.376623376623	0.897590361446	0.838709677419	0.520710059172	0.673202614379	0.747706422018	0.753424657534	0.836734693878	0.707317073171	0.6	0.744186046512	0.777777777778	0.808988764045	0.853356890459	0.64	0.3	0.638349514563	0.86143572621	0.802197802198	0.762973352034	0.872340425532	0.764150943396	0.736666666667	0.722846441948	0.677419354839	0.608695652174	0.79746835443	0.444444444444	0.854166666667	0.785365853659	0.720930232558	0.770149253731	0.655629139073	0.532110091743	0.746666666667	0.765567765568	0.639751552795	0.627659574468	0.624664879357	0.792592592593	0.74	0.734693877551	0.723076923077	0.781818181818	0.690987124464	0.686502177068	0.722488038278	0.742160278746	0.848447204969	0.772247360483	0.81884057971	0.575342465753	0.825503355705	0.74213836478	0.65873015873	0.750943396226	0.709459459459	0.602409638554	0.729896907216	0.721393034826	0.571428571429	0.596541786744	0.712328767123	0.5960591133	0.725274725275	0.651515151515	0.530054644809	0.604938271605	0.567567567568	0.591900311526	0.337078651685	0.594871794872	0.666666666667	0.834645669291	0.438596491228	0.291666666667	0.64	0.545454545455	0.597989949749	0.382978723404	0.592039800995	0.666666666667	0.542986425339	0.495867768595	0.575342465753	0.635071090047	0.617021276596	0.6875	0.742537313433
50	228779817	0.662420382166	0.656565656566	0.740322580645	0.704761904762	0.637362637363	0.763513513514	0.630081300813	0.627118644068	0.731707317073	0.860215053763	0.311688311688	0.888554216867	0.774193548387	0.520710059172	0.673202614379	0.743119266055	0.748858447489	0.826530612245	0.707317073171	0.66	0.751937984496	0.711111111111	0.808988764045	0.853356890459	0.624	0.275	0.645631067961	0.85448392555	0.802197802198	0.76858345021	0.86170212766	0.742857142857	0.72	0.7265917603	0.645161290323	0.550724637681	0.803797468354	0.518518518519	0.854166666667	0.780487804878	0.705426356589	0.774774774775	0.675496688742	0.495412844037	0.753333333333	0.765567765568	0.639751552795	0.553191489362	0.595174262735	0.681481481481	0.704	0.714285714286	0.703125	0.7728026534	0.669527896996	0.66328011611	0.735576923077	0.735191637631	0.849315068493	0.773755656109	0.782608695652	0.586666666667	0.852348993289	0.740506329114	0.650793650794	0.732075471698	0.641891891892	0.686746987952	0.715463917526	0.73631840796	0.535714285714	0.571014492754	0.718309859155	0.566502463054	0.717032967033	0.656565656566	0.530054644809	0.61316872428	0.554054054054	0.570093457944	0.331460674157	0.584615384615	0.63768115942	0.826771653543	0.421052631579	0.375	0.626666666667	0.545454545455	0.557788944724	0.372340425532	0.606965174129	0.6875	0.524886877828	0.471074380165	0.575342465753	0.616113744076	0.595744680851	0.6875	0.742537313433
51	228779819	0.654088050314	0.676767676768	0.748387096774	0.712918660287	0.637362637363	0.777027027027	0.609756097561	0.627118644068	0.731707317073	0.838709677419	0.298701298701	0.879518072289	0.709677419355	0.526627218935	0.705882352941	0.752293577982	0.744292237443	0.826530612245	0.731707317073	0.68	0.759689922481	0.777777777778	0.831460674157	0.852836879433	0.632	0.3	0.633495145631	0.87269681742	0.802197802198	0.769985974755	0.86170212766	0.752380952381	0.7	0.7265917603	0.629032258065	0.608695652174	0.810126582278	0.518518518519	0.854166666667	0.785365853659	0.720930232558	0.770149253731	0.655629139073	0.51376146789	0.753333333333	0.754578754579	0.641509433962	0.574468085106	0.597855227882	0.703703703704	0.716	0.744897959184	0.723076923077	0.77520661157	0.682403433476	0.694323144105	0.736842105263	0.742160278746	0.844720496894	0.779122541604	0.797101449275	0.6	0.859060402685	0.729559748428	0.634920634921	0.724528301887	0.691780821918	0.686746987952	0.708074534161	0.761194029851	0.535714285714	0.582132564841	0.72602739726	0.522167487685	0.714285714286	0.656565656566	0.524590163934	0.604938271605	0.554054054054	0.566978193146	0.314606741573	0.584615384615	0.652173913043	0.811023622047	0.385964912281	0.375	0.626666666667	0.590909090909	0.583756345178	0.38829787234	0.582089552239	0.645833333333	0.506787330317	0.404958677686	0.561643835616	0.611374407583	0.63829787234	0.625	0.712686567164
52	228779825	0.660377358491	0.686868686869	0.743548387097	0.708133971292	0.641025641026	0.77027027027	0.621951219512	0.627118644068	0.739837398374	0.854838709677	0.441558441558	0.879518072289	0.870967741935	0.520710059172	0.679738562092	0.74537037037	0.776255707763	0.826530612245	0.715447154472	0.58	0.767441860465	0.733333333333	0.831460674157	0.848056537102	0.64	0.35	0.618932038835	0.86143572621	0.758241758242	0.744055944056	0.851063829787	0.744075829384	0.683333333333	0.74531835206	0.612903225806	0.565217391304	0.784810126582	0.518518518519	0.798611111111	0.79512195122	0.713178294574	0.767164179104	0.682119205298	0.45871559633	0.76	0.741697416974	0.633540372671	0.585106382979	0.619302949062	0.733333333333	0.748	0.714285714286	0.738461538462	0.770247933884	0.665236051502	0.693759071118	0.722488038278	0.714285714286	0.849689440994	0.77677224736	0.775362318841	0.613333333333	0.865771812081	0.748427672956	0.642857142857	0.709433962264	0.668918918919	0.698795180723	0.719587628866	0.741293532338	0.52380952381	0.590778097983	0.72602739726	0.586206896552	0.730769230769	0.646464646465	0.508196721311	0.617283950617	0.581081081081	0.595015576324	0.331460674157	0.584615384615	0.65671641791	0.811023622047	0.438596491228	0.416666666667	0.657777777778	0.545454545455	0.593908629442	0.404255319149	0.611940298507	0.645833333333	0.552036199095	0.495867768595	0.561643835616	0.625592417062	0.63829787234	0.708333333333	0.746268656716
